Confidence_Range,Số lượng,Tỷ lệ ADHD
<60%,27,0.019998528
60-70%,1,71.24564
70-80%,9,99.36777
80-90%,0,
90-100%,0,
